20170428,08:05,08:40,09:40
20170428,08:10,08:45,09:45
20170428,08:15,08:50,09:50
20170428,08:20,08:55,09:55
20170428,09:35,10:15,11:15
20170428,09:40,10:15,11:15
20170428,09:45,10:25,11:25
20170428,09:50,10:30,11:30
20170428,09:55,10:35,11:35
20170428,10:00,10:45,11:45
20170428,10:05,10:50,11:50
20170428,10:10,11:00,12:00
20170428,10:15,11:15,12:15
20170428,10:20,11:20,12:20
20170428,10:25,11:30,12:30
20170428,10:30,11:35,12:35
20170428,10:35,11:45,12:45
20170428,10:40,11:50,12:50
20170428,10:45,11:55,12:55
20170428,10:50,12:00,13:00
20170428,10:55,12:10,13:10
20170428,11:00,12:10,13:10
20170428,11:05,12:20,13:20
20170428,11:10,12:25,13:25
20170428,11:15,12:30,13:30
20170428,11:20,12:35,13:35
20170428,11:25,12:45,13:45
20170428,11:30,12:45,13:45
20170428,11:35,12:55,13:55
20170428,11:40,13:00,14:00
20170428,11:45,13:10,14:10
20170428,11:50,13:15,14:15
20170428,11:55,13:20,14:20
20170428,12:00,13:25,14:25
20170428,12:05,13:35,14:35
20170428,12:10,13:35,14:35
20170428,12:15,13:40,14:40
20170428,12:20,13:45,14:45
20170428,12:25,13:50,14:50
20170428,12:30,14:00,15:00
20170428,12:35,14:05,15:05
20170428,12:40,14:10,15:10
20170428,12:45,14:20,15:20
20170428,12:50,14:25,15:25
20170428,12:55,14:30,15:30
20170428,13:00,14:35,15:35
20170428,13:05,14:40,15:40
20170428,13:10,14:45,15:45
20170428,13:15,14:50,15:50
20170428,13:20,14:55,15:55
20170428,13:25,15:00,16:00
20170428,13:30,15:10,16:10
20170428,13:35,15:15,16:15
20170428,13:40,15:20,16:20
20170428,13:45,15:25,16:25
20170428,13:50,15:25,16:25
20170428,13:55,15:30,16:30
20170427,09:05,09:40,10:40
20170427,09:10,09:50,10:50
20170427,09:15,09:55,10:55
20170427,09:20,10:10,11:10
20170427,09:25,10:15,11:15
20170427,09:30,10:20,11:20
20170427,09:35,10:20,11:20
20170427,09:40,10:25,11:25
20170427,09:45,10:30,11:30
20170427,09:50,10:40,11:40
20170427,09:55,10:45,11:45
20170427,10:00,10:50,11:50
20170427,10:05,10:55,11:55
20170427,10:10,11:05,12:05
20170427,10:15,11:15,12:15
20170427,10:20,11:20,12:20
20170427,10:25,11:30,12:30
20170427,10:30,11:40,12:40
20170427,10:35,11:55,12:55
20170427,10:40,12:00,13:00
20170427,10:45,12:10,13:10
20170427,10:50,12:20,13:20
20170427,10:55,12:25,13:25
20170427,11:00,12:30,13:30
20170427,11:05,12:35,13:35
20170427,11:10,12:40,13:40
20170427,11:15,12:45,13:45
20170427,11:20,12:45,13:45
20170427,11:25,12:50,13:50
20170427,11:30,12:55,13:55
20170427,11:35,13:00,14:00
20170427,11:40,13:05,14:05
20170427,11:45,13:15,14:15
20170427,11:50,13:20,14:20
20170427,11:55,13:25,14:25
20170427,12:00,13:35,14:35
20170427,12:05,13:40,14:40
20170427,12:10,13:45,14:45
20170427,12:15,13:50,14:50
20170427,12:20,14:00,15:00
20170427,12:25,14:05,15:05
20170427,12:30,14:10,15:10
20170427,12:35,14:15,15:15
20170427,12:40,14:20,15:20
20170427,12:45,14:25,15:25
20170427,12:50,14:30,15:30
20170427,12:55,14:35,15:35
20170427,13:00,14:40,15:40
20170427,13:05,14:45,15:45
20170427,13:10,14:50,15:50
20170427,13:15,15:00,16:00
20170427,13:20,15:00,16:00
20170427,13:25,15:10,16:10
20170427,13:30,15:10,16:10
20170427,13:35,15:15,16:15
20170427,13:40,15:20,16:20
20170427,13:45,15:25,16:25
20170427,13:50,15:25,16:25
20170427,13:55,15:30,16:30
20170427,14:00,15:35,16:35
20170427,14:05,15:40,16:40
20170427,14:10,15:45,16:45
20170427,14:15,15:50,16:50
20170427,14:20,15:50,16:50
20170427,14:25,15:55,16:55
20170427,14:30,16:00,17:00
20170427,14:35,16:05,17:05
20170427,14:40,16:10,17:10
20170427,14:45,16:15,17:15
20170427,14:50,16:20,17:20
20170427,14:55,16:25,17:25
20170427,15:00,16:30,17:30
20170427,15:05,16:35,17:35
20170427,15:10,16:40,17:40
20170427,15:15,16:45,17:45
20170427,15:20,16:50,17:50
20170427,15:25,16:55,17:55
20170427,15:30,17:00,18:00
20170427,15:35,17:05,18:05
20170427,15:40,17:10,18:10
20170427,15:45,17:15,18:15
20170427,15:50,17:20,18:20
20170427,15:55,17:20,18:20
20170427,16:00,17:25,18:25
20170427,16:05,17:30,18:30
20170427,16:10,17:35,18:35
20170427,16:15,17:40,18:40
20170427,16:20,17:40,18:40
20170427,16:25,17:45,18:45
20170427,16:30,17:50,18:50
20170427,16:35,17:50,18:50
20170427,16:40,17:55,18:55
20170427,16:45,18:00,19:00
20170427,16:50,18:00,19:00
20170427,16:55,18:05,19:05
20170427,17:00,18:05,19:05
20170427,17:05,18:10,19:10
20170427,17:10,18:15,19:15
20170427,17:15,18:20,19:20
20170427,17:20,18:20,19:20
20170427,17:25,18:25,19:25
20170427,17:30,18:30,19:30
20170427,17:35,18:35,19:35
20170427,17:40,18:40,19:40
20170427,17:45,18:40,19:40
20170427,17:50,18:40,19:40
20170427,17:55,18:45,19:45
20170427,18:00,18:50,19:50
20170427,18:05,18:55,19:55
20170427,18:10,19:00,20:00
20170427,18:15,19:00,20:00
20170427,18:20,19:10,20:00
20170427,18:25,19:15,20:00
20170427,18:30,19:20,20:00
20170427,18:35,19:30,20:00
20170427,18:40,19:30,20:00
20170427,18:45,19:35,20:00
20170427,18:50,19:40,20:00
20170426,09:05,09:40,10:40
20170426,09:10,09:45,10:45
20170426,09:15,09:55,10:55
20170426,09:20,10:05,11:05
20170426,09:25,10:15,11:15
20170426,09:30,10:20,11:20
20170426,09:35,10:25,11:25
20170426,09:40,10:30,11:30
20170426,09:45,10:30,11:30
20170426,09:50,10:35,11:35
20170426,09:55,10:40,11:40
20170426,10:00,10:45,11:45
20170426,10:05,10:45,11:45
20170426,10:10,10:50,11:50
20170426,10:15,10:55,11:55
20170426,10:20,10:55,11:55
20170426,10:25,11:00,12:00
20170426,10:30,11:05,12:05
20170426,10:35,11:10,12:10
20170426,10:40,11:15,12:15
20170426,10:45,11:20,12:20
20170426,10:50,11:25,12:25
20170426,10:55,11:30,12:30
20170426,11:00,11:35,12:35
20170426,11:05,11:40,12:40
20170426,11:10,11:45,12:45
20170426,11:15,11:50,12:50
20170426,11:20,11:55,12:55
20170426,11:25,12:00,13:00
20170426,11:30,12:05,13:05
20170426,11:35,12:15,13:15
20170426,11:40,12:15,13:15
20170426,11:45,12:25,13:25
20170426,11:50,12:30,13:30
20170426,11:55,12:30,13:30
20170426,12:00,12:35,13:35
20170426,12:05,12:40,13:40
20170426,12:10,12:45,13:45
20170426,12:15,12:50,13:50
20170426,12:20,12:55,13:55
20170426,12:25,13:00,14:00
20170426,12:30,13:05,14:05
20170426,12:35,13:10,14:10
20170426,12:40,13:15,14:15
20170426,12:45,13:20,14:20
20170426,12:50,13:25,14:25
20170426,12:55,13:30,14:30
20170426,13:00,13:35,14:35
20170426,13:05,13:40,14:40
20170426,13:10,13:45,14:45
20170426,13:15,13:50,14:50
20170426,13:35,14:10,15:00
20170426,13:40,14:15,15:00
20170426,13:45,14:20,15:00
20170426,13:50,14:25,15:00
20170426,13:55,14:30,15:00
20170426,14:00,14:35,15:00
20170426,14:05,14:40,15:00
20170425,09:05,09:40,10:40
20170425,09:10,09:45,10:45
20170425,09:15,09:50,10:50
20170425,09:20,10:00,11:00
20170425,09:25,10:10,11:10
20170425,09:30,10:20,11:20
20170425,09:35,10:25,11:25
20170425,09:40,10:30,11:30
20170425,09:45,10:35,11:35
20170425,09:50,10:35,11:35
20170425,09:55,10:45,11:45
20170425,10:00,10:45,11:45
20170425,10:05,10:50,11:50
20170425,10:10,10:55,11:55
20170425,10:15,11:00,12:00
20170425,10:20,11:05,12:05
20170425,10:25,11:10,12:10
20170425,10:30,11:15,12:15
20170425,10:35,11:25,12:25
20170425,10:40,11:25,12:25
20170425,10:45,11:35,12:35
20170425,10:50,11:40,12:40
20170425,10:55,11:45,12:45
20170425,11:00,11:50,12:50
20170425,11:05,11:55,12:55
20170425,11:10,12:00,13:00
20170425,11:15,12:05,13:05
20170425,11:20,12:05,13:05
20170425,11:25,12:10,13:10
20170425,11:30,12:15,13:15
20170425,11:35,12:20,13:20
20170425,11:40,12:25,13:25
20170425,11:45,12:30,13:30
20170425,11:50,12:40,13:40
20170425,11:55,12:45,13:45
20170425,12:00,12:50,13:50
20170425,12:05,12:55,13:55
20170425,12:10,13:00,14:00
20170425,12:15,13:05,14:05
20170425,12:20,13:10,14:10
20170425,12:25,13:20,14:20
20170425,12:30,13:25,14:25
20170425,12:35,13:30,14:30
20170425,12:40,13:35,14:35
20170425,12:45,13:40,14:40
20170425,12:50,13:45,14:45
20170425,12:55,13:50,14:50
20170425,13:00,13:55,14:55
20170425,13:05,14:00,15:00
20170425,13:10,14:05,15:05
20170425,13:15,14:10,15:10
20170425,13:20,14:10,15:10
20170425,13:25,14:20,15:20
20170425,13:30,14:20,15:20
20170425,13:35,14:25,15:25
20170425,13:40,14:30,15:30
20170425,13:45,14:35,15:35
20170425,13:50,14:45,15:45
20170425,13:55,14:50,15:50
20170425,14:00,14:55,15:55
20170425,14:05,15:10,16:10
20170425,14:10,15:15,16:15
20170425,14:15,15:15,16:15
20170425,14:20,15:20,16:20
20170425,14:25,15:25,16:25
20170425,14:30,15:30,16:30
20170425,14:35,15:35,16:35
20170425,14:40,15:40,16:40
20170425,14:45,15:50,16:50
20170425,14:50,15:55,16:55
20170425,14:55,16:00,17:00
20170425,15:00,16:05,17:05
20170425,15:05,16:10,17:10
20170425,15:10,16:15,17:15
20170425,15:15,16:20,17:20
20170425,15:20,16:25,17:25
20170425,15:25,16:30,17:30
20170425,15:30,16:40,17:40
20170425,15:35,16:45,17:45
20170425,15:40,16:50,17:50
20170425,15:45,16:55,17:55
20170425,15:50,17:05,18:05
20170425,15:55,17:10,18:10
20170425,16:00,17:15,18:15
20170425,16:05,17:20,18:20
20170425,16:10,17:25,18:25
20170425,16:15,17:30,18:30
20170425,16:20,17:35,18:35
20170425,16:25,17:40,18:40
20170425,16:30,17:45,18:45
20170425,16:35,17:50,18:50
20170425,16:40,17:55,18:55
20170425,16:45,17:55,18:55
20170425,16:50,18:00,19:00
20170425,16:55,18:05,19:05
20170425,17:00,18:10,19:10
20170425,17:05,18:15,19:15
20170425,17:10,18:20,19:20
20170425,17:15,18:25,19:25
20170425,17:20,18:30,19:30
20170425,17:25,18:35,19:35
20170425,17:30,18:40,19:40
20170425,17:35,18:50,19:50
20170425,17:40,18:50,19:50
20170425,17:45,19:00,20:00
20170425,17:50,19:05,20:05
20170425,17:55,19:05,20:05
20170425,18:00,19:10,20:10
20170425,18:05,19:15,20:15
20170425,18:10,19:25,20:25
20170425,18:15,19:35,20:35
20170425,18:20,19:35,20:35
20170425,18:25,19:40,20:40
20170425,18:30,19:45,20:45
20170425,18:35,19:50,20:50
20170425,18:40,19:55,20:55
20170425,18:45,20:00,21:00
20170425,18:50,20:05,21:05
20170425,18:55,20:10,21:10
20170425,19:00,20:10,21:10
20170425,19:05,20:15,21:15
20170425,19:10,20:20,21:20
20170425,19:15,20:25,21:25
20170425,19:20,20:30,21:30
20170425,19:25,20:30,21:30
20170425,19:30,20:30,21:30
20170425,19:35,20:35,21:35
20170425,19:40,20:35,21:35
20170424,08:05,08:40,09:40
20170424,08:10,08:45,09:45
20170424,08:15,08:55,09:55
20170424,08:20,09:00,10:00
20170424,08:25,09:05,10:05
20170424,08:30,09:05,10:05
20170424,08:35,09:10,10:10
20170424,08:40,09:15,10:15
20170424,08:45,09:20,10:20
20170424,08:50,09:25,10:25
20170424,08:55,09:30,10:30
20170424,09:00,09:35,10:35
20170424,09:05,09:40,10:40
20170424,09:10,09:45,10:45
20170424,09:15,09:50,10:50
20170424,09:20,09:55,10:55
20170424,09:25,10:00,11:00
20170424,09:30,10:05,11:05
20170424,09:35,10:10,11:10
20170424,09:40,10:15,11:15
20170424,09:45,10:20,11:20
20170424,09:50,10:25,11:25
20170424,09:55,10:30,11:30
20170424,10:00,10:35,11:35
20170424,10:05,10:40,11:40
20170424,10:10,10:45,11:45
20170424,10:15,10:55,11:55
20170424,10:20,10:55,11:55
20170424,10:25,11:00,12:00
20170424,10:30,11:10,12:10
20170424,10:35,11:15,12:15
20170424,10:40,11:20,12:20
20170424,10:45,11:30,12:30
20170424,10:50,11:30,12:30
20170424,10:55,11:40,12:40
20170424,11:00,11:40,12:40
20170424,11:05,11:50,12:50
20170424,11:10,11:50,12:50
20170424,11:15,11:55,12:55
20170424,11:20,12:00,13:00
20170424,11:25,12:05,13:05
20170424,11:30,12:10,13:10
20170424,11:35,12:15,13:15
20170424,11:40,12:20,13:20
20170424,11:45,12:25,13:25
20170424,11:50,12:35,13:35
20170424,11:55,12:40,13:40
20170424,12:00,12:50,13:50
20170424,12:05,12:55,13:55
20170424,12:10,13:00,14:00
20170424,12:15,13:05,14:05
20170424,12:20,13:10,14:10
20170424,12:25,13:20,14:20
20170424,12:30,13:25,14:25
20170424,12:35,13:30,14:30
20170424,12:40,13:40,14:40
20170424,12:45,13:45,14:45
20170424,12:50,13:50,14:50
20170424,12:55,14:00,15:00
20170424,13:00,14:05,15:05
20170424,13:05,14:10,15:10
20170424,13:10,14:15,15:15
20170424,13:15,14:20,15:20
20170424,13:20,14:25,15:25
20170424,13:25,14:30,15:30
20170424,13:30,14:35,15:35
20170424,13:35,14:40,15:40
20170424,13:40,14:50,15:50
20170424,13:45,15:00,16:00
20170424,13:50,15:10,16:10
20170424,13:55,15:15,16:15
20170424,14:00,15:20,16:20
20170424,14:30,16:20,17:20
20170424,14:35,16:25,17:25
20170424,14:40,16:35,17:35
20170424,14:45,16:45,17:45
20170424,14:50,16:55,17:55
20170424,14:55,17:05,18:05
20170424,15:00,17:10,18:10
20170424,15:05,17:15,18:15
20170424,15:10,17:25,18:25
20170424,15:15,17:35,18:35
20170424,15:20,17:40,18:40
20170424,15:25,17:45,18:45
20170424,15:30,17:50,18:50
20170424,15:35,18:00,19:00
20170424,15:40,18:05,19:05
20170424,15:45,18:15,19:15
20170424,15:50,18:20,19:20
20170424,15:55,18:25,19:25
20170424,16:00,18:30,19:30
20170424,16:05,18:35,19:35
20170424,16:10,18:40,19:40
20170424,16:15,18:45,19:45
20170424,16:20,18:45,19:45
20170424,16:25,18:50,19:50
20170424,16:30,18:55,19:55
20170424,16:35,19:00,20:00
20170424,16:40,19:05,20:05
20170424,16:45,19:10,20:10
20170424,16:50,19:15,20:15
20170424,16:55,19:20,20:20
20170424,17:00,19:20,20:20
20170424,17:05,19:25,20:25
20170424,17:10,19:30,20:30
20170424,17:15,19:35,20:35
20170424,17:20,19:35,20:35
20170424,17:25,19:40,20:40
20170424,17:30,19:45,20:45
20170424,17:35,19:50,20:50
20170424,17:40,19:55,20:55
20170424,17:45,19:55,20:55
20170424,17:50,20:00,21:00
20170424,17:55,20:05,21:05
20170424,18:00,20:10,21:10
20170424,18:05,20:15,21:15
20170424,18:10,20:20,21:20
20170423,08:05,08:40,09:40
20170423,08:10,08:45,09:45
20170423,08:15,09:00,10:00
20170423,08:20,09:05,10:05
20170423,08:25,09:15,10:15
20170423,08:30,09:25,10:25
20170423,08:35,09:35,10:35
20170423,08:40,09:45,10:45
20170423,08:45,09:55,10:55
20170423,08:50,10:00,11:00
20170423,08:55,10:05,11:05
20170423,09:00,10:10,11:10
20170423,09:05,10:15,11:15
20170423,09:10,10:20,11:20
20170423,09:15,10:25,11:25
20170423,09:20,10:30,11:30
20170423,09:25,10:40,11:40
20170423,09:30,10:45,11:45
20170423,09:35,10:50,11:50
20170423,09:40,10:55,11:55
20170423,09:45,11:05,12:05
20170423,09:50,11:10,12:10
20170423,09:55,11:15,12:15
20170423,10:00,11:20,12:20
20170423,10:05,11:30,12:30
20170423,10:10,11:30,12:30
20170423,10:15,11:40,12:40
20170423,10:20,11:45,12:45
20170423,10:25,11:50,12:50
20170423,10:30,12:05,13:05
20170423,10:35,12:10,13:10
20170423,10:40,12:20,13:20
20170423,10:45,12:30,13:30
20170423,10:50,12:35,13:35
20170423,10:55,12:45,13:45
20170423,11:00,12:50,13:50
20170423,11:05,13:00,14:00
20170423,11:10,13:05,14:05
20170423,11:15,13:15,14:15
20170423,11:20,13:20,14:20
20170423,11:25,13:25,14:25
20170423,11:30,13:35,14:35
20170423,11:35,13:45,14:45
20170423,11:40,13:55,14:55
20170423,11:45,14:10,15:10
20170423,11:50,14:20,15:20
20170423,11:55,14:30,15:30
20170423,12:00,14:50,15:50
20170423,12:05,15:05,16:05
20170423,12:10,15:15,16:15
20170423,12:15,15:30,16:30
20170423,12:20,15:40,16:40
20170423,12:25,15:55,16:55
20170423,12:30,16:05,17:05
20170423,12:35,16:20,17:20
20170423,12:40,16:30,17:30
20170423,12:45,16:45,17:45
20170423,12:50,16:55,17:55
20170423,12:55,17:15,18:15
20170423,13:00,17:25,18:25
20170423,13:05,17:40,18:40
20170423,13:10,18:00,19:00
20170423,13:15,18:15,19:15
20170423,13:20,18:30,19:30
20170423,13:25,18:45,19:45
20170423,13:30,18:55,19:55
20170423,13:35,19:05,20:05
20170423,13:40,19:20,20:20
20170423,13:45,19:35,20:35
20170423,13:50,19:45,20:45
20170423,13:55,20:00,21:00
20170423,14:00,20:05,21:05
20170423,14:05,20:10,21:10
20170423,14:10,20:30,21:30
20170423,14:15,20:40,21:40
20170423,14:20,20:50,21:50
20170423,14:25,20:55,21:55
20170423,14:30,21:00,22:00
20170423,14:35,21:10,22:00
20170423,14:40,21:20,22:00
20170423,14:45,21:35,22:00
20170423,14:50,21:40,22:00
20170422,08:05,08:40,09:40
20170422,08:10,08:45,09:45
20170422,08:15,08:55,09:55
20170422,08:20,09:00,10:00
20170422,08:25,09:10,10:10
20170422,08:30,09:20,10:20
20170422,08:35,09:25,10:25
20170422,08:40,09:30,10:30
20170422,08:45,09:35,10:35
20170422,08:50,09:40,10:40
20170422,08:55,09:50,10:50
20170422,09:00,09:50,10:50
20170422,09:05,10:00,11:00
20170422,09:10,10:00,11:00
20170422,09:15,10:10,11:10
20170422,09:20,10:15,11:15
20170422,09:25,10:20,11:20
20170422,09:30,10:25,11:25
20170422,09:35,10:30,11:30
20170422,09:40,10:30,11:30
20170422,09:45,10:40,11:40
20170422,09:50,10:45,11:45
20170422,09:55,10:50,11:50
20170422,10:00,10:55,11:55
20170422,10:05,11:00,12:00
20170422,10:10,11:05,12:05
20170422,10:15,11:10,12:10
20170422,10:20,11:20,12:20
20170422,10:25,11:30,12:30
20170422,10:30,11:35,12:35
20170422,10:35,11:45,12:45
20170422,10:40,11:55,12:55
20170422,10:45,12:05,13:05
20170422,10:50,12:10,13:10
20170422,10:55,12:20,13:20
20170422,11:00,12:30,13:30
20170422,11:05,12:35,13:35
20170422,11:10,12:45,13:45
20170422,11:15,12:50,13:50
20170422,11:20,13:00,14:00
20170422,11:25,13:05,14:05
20170422,11:30,13:15,14:15
20170422,11:35,13:25,14:25
20170422,11:40,13:35,14:35
20170422,11:45,13:40,14:40
20170422,11:50,14:00,15:00
20170422,11:55,14:10,15:10
20170422,12:00,14:25,15:25
20170422,12:05,14:35,15:35
20170422,12:10,14:45,15:45
20170422,12:15,15:05,16:05
20170422,12:20,15:15,16:15
20170422,12:25,15:30,16:30
20170422,12:30,15:40,16:40
20170422,12:35,15:55,16:55
20170422,12:40,16:10,17:10
20170422,12:45,16:25,17:25
20170422,12:50,16:40,17:40
20170422,12:55,16:50,17:50
20170422,13:00,17:05,18:05
20170422,13:05,17:25,18:25
20170422,13:10,17:40,18:40
20170422,13:15,17:55,18:55
20170422,13:20,18:05,19:05
20170422,13:25,18:15,19:15
20170422,13:30,18:25,19:25
20170422,13:35,18:40,19:40
20170422,13:40,18:50,19:50
20170422,13:45,19:00,20:00
20170422,13:50,19:15,20:15
20170422,13:55,19:25,20:25
20170422,14:00,19:40,20:40
20170422,14:05,19:50,20:50
20170422,14:10,20:10,21:10
20170422,14:15,20:20,21:20
20170422,14:20,20:30,21:30
20170422,14:25,20:40,21:40
20170422,14:30,20:40,21:40
20170422,14:35,20:45,21:45
20170422,14:40,21:00,22:00
20170422,14:45,21:10,22:00
20170422,14:50,21:25,22:00
20170422,14:55,21:35,22:00
20170422,15:00,21:40,22:00
20170505,08:05,11:30,12:30
20170505,08:10,11:30,12:30
20170505,08:15,11:30,12:30
20170505,08:20,11:30,12:30
20170505,08:25,11:30,12:30
20170505,08:30,11:35,12:35
20170505,08:35,11:35,12:35
20170505,08:40,11:35,12:35
20170505,08:45,11:35,12:35
20170505,08:50,11:40,12:40
20170505,08:55,11:40,12:40
20170505,09:00,11:40,12:40
20170505,09:05,11:40,12:40
20170505,09:10,11:45,12:45
20170505,09:15,11:45,12:45
20170505,09:20,11:45,12:45
20170505,09:25,11:45,12:45
20170505,09:30,11:45,12:45
20170505,09:35,11:50,12:50
20170505,09:40,11:50,12:50
20170505,09:45,11:50,12:50
20170505,09:50,11:50,12:50
20170505,09:55,11:55,12:55
20170505,10:00,11:55,12:55
20170505,10:05,11:55,12:55
20170505,10:10,11:55,12:55
20170505,10:15,12:00,13:00
20170505,10:20,12:00,13:00
20170505,10:25,12:00,13:00
20170505,10:30,12:05,13:05
20170505,10:35,12:05,13:05
20170505,10:40,12:10,13:10
20170505,10:45,12:15,13:15
20170505,10:50,12:15,13:15
20170505,10:55,12:20,13:20
20170505,11:00,12:20,13:20
20170505,11:05,12:25,13:25
20170505,11:10,12:25,13:25
20170505,11:15,12:25,13:25
20170505,11:20,12:30,13:30
20170505,11:25,12:30,13:30
20170505,11:30,12:30,13:30
20170505,11:35,12:35,13:35
20170505,11:40,12:35,13:35
20170505,11:45,12:40,13:40
20170505,11:50,12:40,13:40
20170505,11:55,12:45,13:45
20170505,12:00,12:50,13:50
20170505,12:05,12:55,13:55
20170505,12:10,12:55,13:55
20170505,12:15,13:00,14:00
20170505,12:20,13:05,14:05
20170505,12:25,13:15,14:15
20170505,12:30,13:20,14:20
20170505,12:35,13:25,14:25
20170505,12:40,13:30,14:30
20170505,12:45,13:40,14:40
20170505,12:50,13:45,14:45
20170505,12:55,13:55,14:55
20170505,13:00,14:00,15:00
20170505,13:05,14:10,15:10
20170505,13:10,14:20,15:20
20170505,13:15,14:25,15:25
20170505,13:20,14:35,15:35
20170505,13:25,14:50,15:50
20170505,13:30,15:00,16:00
20170505,13:35,15:05,16:05
20170505,13:40,15:15,16:15
20170505,13:45,15:25,16:25
20170505,13:50,15:30,16:30
20170505,13:55,15:40,16:40
20170505,14:00,15:45,16:45
20170505,14:05,15:55,16:55
20170505,14:10,16:00,17:00
20170505,14:15,16:10,17:10
20170505,14:20,16:15,17:15
20170505,14:25,16:25,17:25
20170505,14:30,16:30,17:30
20170505,14:35,16:35,17:35
20170505,14:40,16:45,17:45
20170505,14:45,16:55,17:55
20170505,14:50,17:05,18:05
20170505,14:55,17:25,18:25
20170505,15:00,17:35,18:35
20170505,15:05,17:55,18:55
20170505,15:10,18:05,19:00
20170505,15:15,18:15,19:00
20170505,15:20,18:30,19:00
20170505,15:25,18:40,19:00
20170504,08:05,11:30,12:30
20170504,08:10,11:30,12:30
20170504,08:15,11:30,12:30
20170504,08:20,11:30,12:30
20170504,08:25,11:35,12:35
20170504,08:30,11:35,12:35
20170504,08:35,11:40,12:40
20170504,08:40,11:40,12:40
20170504,08:45,11:45,12:45
20170504,08:50,11:45,12:45
20170504,08:57,11:50,12:50
20170504,09:00,11:55,12:55
20170504,09:05,11:55,12:55
20170504,09:10,12:00,13:00
20170504,09:15,12:00,13:00
20170504,09:20,12:00,13:00
20170504,09:25,12:05,13:05
20170504,09:30,12:05,13:05
20170504,09:35,12:10,13:10
20170504,09:40,12:10,13:10
20170504,09:45,12:10,13:10
20170504,09:50,12:15,13:15
20170504,09:55,12:15,13:15
20170504,10:00,12:15,13:15
20170504,10:05,12:15,13:15
20170504,10:10,12:20,13:20
20170504,10:15,12:20,13:20
20170504,10:20,12:25,13:25
20170504,10:25,12:25,13:25
20170504,10:30,12:30,13:30
20170504,10:35,12:30,13:30
20170504,10:40,12:35,13:35
20170504,10:45,12:40,13:40
20170504,10:50,12:45,13:45
20170504,10:55,12:45,13:45
20170504,11:00,12:50,13:50
20170504,11:05,12:55,13:55
20170504,11:10,13:00,14:00
20170504,11:15,13:00,14:00
20170504,11:20,13:05,14:05
20170504,11:25,13:05,14:05
20170504,11:30,13:10,14:10
20170504,11:35,13:10,14:10
20170504,11:40,13:15,14:15
20170504,11:45,13:20,14:20
20170504,11:50,13:25,14:25
20170504,11:55,13:35,14:35
20170504,12:00,13:40,14:40
20170504,12:05,13:40,14:40
20170504,12:10,13:50,14:50
20170504,12:15,13:55,14:55
20170504,12:20,14:00,15:00
20170504,12:25,14:10,15:10
20170504,12:30,14:15,15:15
20170504,12:35,14:20,15:20
20170504,12:40,14:35,15:35
20170504,12:45,15:00,16:00
20170504,12:50,15:05,16:05
20170504,12:55,15:20,16:20
20170504,13:00,15:25,16:25
20170504,13:05,15:35,16:35
20170504,13:10,15:50,16:50
20170504,13:15,16:00,17:00
20170504,13:20,16:15,17:15
20170504,13:25,16:35,17:35
20170504,13:30,16:45,17:45
20170504,13:35,16:55,17:55
20170504,13:40,17:15,18:15
20170504,13:45,17:30,18:30
20170504,13:50,17:50,18:50
20170504,13:55,18:00,19:00
20170504,14:00,18:10,19:10
20170504,14:05,18:30,19:30
20170504,14:10,18:35,19:35
20170504,14:15,18:45,19:45
20170504,14:20,18:50,19:50
20170504,14:25,18:55,19:55
20170504,14:30,19:00,20:00
20170504,14:35,19:05,20:05
20170504,14:40,19:15,20:15
20170504,14:45,19:25,20:25
20170504,14:50,19:35,20:35
20170504,14:55,19:45,20:45
20170504,15:00,19:55,20:55
20170504,15:05,20:10,21:10
20170504,15:10,20:25,21:25
20170504,15:15,20:35,21:35
20170504,15:20,20:50,21:50
20170504,15:25,21:05,22:00
20170504,15:30,21:15,22:00
20170504,15:35,21:30,22:00
20170504,15:40,21:35,22:00
20170504,15:45,21:40,22:00
20170503,08:05,11:30,12:30
20170503,08:10,11:30,12:30
20170503,08:15,11:30,12:30
20170503,08:20,11:30,12:30
20170503,08:25,11:30,12:30
20170503,08:30,11:30,12:30
20170503,08:35,11:30,12:30
20170503,08:40,11:35,12:35
20170503,08:45,11:35,12:35
20170503,08:50,11:35,12:35
20170503,08:55,11:35,12:35
20170503,09:00,11:35,12:35
20170503,09:05,11:40,12:40
20170503,09:10,11:40,12:40
20170503,09:15,11:40,12:40
20170503,09:20,11:45,12:45
20170503,09:25,11:45,12:45
20170503,09:30,11:45,12:45
20170503,09:35,11:50,12:50
20170503,09:40,11:50,12:50
20170503,09:45,11:50,12:50
20170503,09:50,11:55,12:55
20170503,09:55,11:55,12:55
20170503,10:00,11:55,12:55
20170503,10:05,12:00,13:00
20170503,10:10,12:00,13:00
20170503,10:15,12:00,13:00
20170503,10:20,12:00,13:00
20170503,10:25,12:05,13:05
20170503,10:30,12:05,13:05
20170503,10:35,12:05,13:05
20170503,10:40,12:05,13:05
20170503,10:45,12:10,13:10
20170503,10:50,12:10,13:10
20170503,10:55,12:10,13:10
20170503,11:00,12:10,13:10
20170503,11:05,12:15,13:15
20170503,11:10,12:15,13:15
20170503,11:15,12:20,13:20
20170503,11:20,12:20,13:20
20170503,11:25,12:20,13:20
20170503,11:30,12:25,13:25
20170503,11:35,12:25,13:25
20170503,11:40,12:25,13:25
20170503,11:45,12:30,13:30
20170503,11:50,12:30,13:30
20170503,11:55,12:35,13:35
20170503,12:00,12:40,13:40
20170503,12:05,12:40,13:40
20170503,12:10,12:45,13:45
20170503,12:15,12:50,13:50
20170503,12:20,12:55,13:55
20170503,12:25,13:00,14:00
20170503,12:30,13:05,14:05
20170503,12:35,13:10,14:10
20170503,12:40,13:15,14:15
20170503,12:45,13:25,14:25
20170503,12:50,13:30,14:30
20170503,12:55,13:35,14:35
20170503,13:00,13:40,14:40
20170503,13:05,13:45,14:45
20170503,13:10,13:50,14:50
20170503,13:15,14:00,15:00
20170503,13:20,14:05,15:05
20170503,13:25,14:10,15:10
20170503,13:30,14:15,15:15
20170503,13:35,14:30,15:30
20170503,13:40,14:40,15:40
20170503,13:45,14:55,15:55
20170503,13:50,15:05,16:05
20170503,13:55,15:15,16:15
20170503,14:00,15:20,16:20
20170503,14:05,15:35,16:35
20170503,14:10,15:45,16:45
20170503,14:15,15:55,16:55
20170503,14:20,16:00,17:00
20170503,14:25,16:10,17:10
20170503,14:30,16:10,17:10
20170503,14:35,16:15,17:15
20170503,14:40,16:30,17:30
20170503,14:45,16:40,17:40
20170503,14:50,16:50,17:50
20170503,14:55,17:00,18:00
20170503,15:00,17:10,18:10
20170503,15:05,17:30,18:30
20170503,15:10,17:45,18:45
20170503,15:15,18:00,19:00
20170503,15:20,18:10,19:00
20170503,15:25,18:20,19:00
20170503,15:30,18:30,19:00
20170503,15:35,18:40,19:00
20170503,15:40,18:50,19:50
20170503,15:45,19:00,20:00
20170503,15:50,19:05,20:05
20170503,15:55,19:10,20:10
20170503,16:00,19:15,20:15
20170503,16:05,19:20,20:20
20170503,16:10,19:30,19:59
20170503,16:15,19:35,20:09
20170503,16:20,19:40,20:19
20170503,16:25,19:45,20:29
20170503,16:30,19:50,20:39
20170503,16:35,20:00,20:59
20170503,16:40,20:05,21:05
20170503,16:45,20:10,21:10
20170503,16:50,20:20,21:20
20170503,16:55,20:30,21:30
20170503,17:00,20:30,21:30
20170503,17:05,20:35,21:35
20170503,17:10,20:40,21:40
20170503,17:15,20:40,21:40
20170503,17:20,20:45,21:45
20170503,17:25,20:50,21:50
20170503,17:30,20:55,21:55
20170503,17:35,21:00,22:00
20170503,17:40,21:05,22:00
20170503,17:45,21:10,22:00
20170503,17:50,21:15,22:00
20170503,17:55,21:20,22:00
20170503,18:00,21:25,22:00
20170503,18:05,21:30,22:00
20170503,18:10,21:30,22:00
20170503,18:15,21:30,22:00
20170503,18:20,21:35,22:00
20170503,18:25,21:35,22:00
20170503,18:30,21:40,22:00
20170503,18:35,21:40,22:00
20170503,18:40,21:40,22:00
20170429,08:25,11:35,12:35
20170429,08:30,11:35,12:35
20170429,08:35,11:35,12:35
20170429,08:40,11:35,12:35
20170429,08:45,11:40,12:40
20170429,08:50,11:40,12:40
20170429,08:55,11:40,12:40
20170429,09:00,11:45,12:45
20170429,09:05,11:45,12:45
20170429,09:10,11:45,12:45
20170429,09:15,11:50,12:50
20170429,09:20,11:50,12:50
20170429,09:25,11:50,12:50
20170429,09:30,11:50,12:50
20170429,09:35,11:50,12:50
20170429,09:40,11:50,12:50
20170429,09:45,11:55,12:55
20170429,09:50,11:55,12:55
20170429,09:55,11:55,12:55
20170429,10:00,11:55,12:55
20170429,10:05,12:00,13:00
20170429,10:10,12:00,13:00
20170429,10:15,12:00,13:00
20170429,10:20,12:00,13:00
20170429,10:25,12:00,13:00
20170429,10:30,12:05,13:05
20170429,10:35,12:05,13:05
20170429,10:40,12:05,13:05
20170429,10:45,12:05,13:05
20170429,10:50,12:05,13:05
20170429,10:55,12:05,13:05
20170429,11:00,12:05,13:05
20170429,11:05,12:05,13:05
20170429,11:10,12:05,13:05
20170429,11:15,12:10,13:10
20170429,11:20,12:10,13:10
20170429,11:25,12:10,13:10
20170429,11:30,12:10,13:10
20170429,11:35,12:10,13:10
20170429,11:40,12:15,13:15
20170429,11:45,12:20,13:20
20170429,11:50,12:25,13:25
20170429,11:55,12:30,13:30
20170429,12:00,12:35,13:35
20170507,08:05,08:40,09:40
20170507,08:10,08:50,09:50
20170507,08:15,09:00,10:00
20170507,08:20,09:10,10:10
20170507,08:25,09:25,10:25
20170507,08:30,09:35,10:35
20170507,08:35,09:45,10:45
20170507,08:40,09:50,10:50
20170507,08:45,09:55,10:55
20170507,08:50,10:00,11:00
20170507,08:55,10:00,11:00
20170507,09:00,10:05,11:05
20170507,09:05,10:10,11:10
20170507,09:10,10:15,11:15
20170507,09:15,10:20,11:20
20170507,09:20,10:25,11:25
20170507,09:25,10:30,11:30
20170507,09:30,10:35,11:35
20170507,09:35,10:40,11:40
20170507,09:40,10:45,11:45
20170507,09:45,10:55,11:55
20170507,09:50,11:00,12:00
20170507,09:55,11:05,12:05
20170507,10:00,11:10,12:10
20170507,10:05,11:15,12:15
20170507,10:10,11:20,12:20
20170507,10:15,11:30,12:30
20170507,10:20,11:35,12:35
20170507,10:25,11:40,12:40
20170507,10:30,11:55,12:55
20170507,10:35,12:10,13:10
20170507,10:40,12:15,13:15
20170507,10:45,12:25,13:25
20170507,10:50,12:35,13:35
20170507,10:55,12:45,13:45
20170507,11:00,12:55,13:55
20170507,11:05,13:00,14:00
20170507,11:10,13:05,14:05
20170507,11:15,13:15,14:15
20170507,11:20,13:20,14:20
20170507,11:25,13:25,14:25
20170507,11:30,13:35,14:35
20170507,11:35,13:40,14:40
20170507,11:40,13:50,14:50
20170507,11:45,13:55,14:55
20170507,11:50,14:10,15:10
20170507,11:55,14:25,15:25
20170507,12:00,14:30,15:30
20170507,12:05,14:35,15:35
20170507,12:10,14:45,15:45
20170507,12:15,14:55,15:55
20170507,12:20,15:05,16:05
20170507,12:25,15:10,16:10
20170507,12:30,15:20,16:20
20170507,12:35,15:30,16:30
20170507,12:40,15:35,16:35
20170507,12:45,15:50,16:50
20170507,12:50,16:00,17:00
20170507,12:55,16:10,17:10
20170507,13:00,16:20,17:20
20170507,13:05,16:30,17:30
20170507,13:10,16:35,17:35
20170507,13:15,16:45,17:45
20170507,13:20,16:50,17:50
20170507,13:25,17:00,18:00
20170507,13:30,17:10,18:10
20170507,13:35,17:15,18:15
20170507,13:40,17:25,18:25
20170507,13:45,17:35,18:35
20170507,13:50,17:45,18:45
20170507,13:55,17:50,18:50
20170507,14:00,18:00,19:00
20170507,14:05,18:10,19:10
20170507,14:10,18:15,19:15
20170507,14:15,18:20,19:20
20170507,14:20,18:25,19:25
20170507,14:25,18:30,19:30
20170507,14:30,18:35,19:35
20170507,14:35,18:40,19:40
20170507,14:40,18:45,19:45
20170507,14:45,18:55,19:55
20170507,14:50,19:00,20:00
20170507,14:55,19:10,20:10
20170507,15:00,19:10,20:10
20170507,15:05,19:15,20:15
20170507,15:10,19:20,20:20
20170507,15:15,19:25,20:25
20170507,15:20,19:30,20:30
20170507,15:25,19:35,20:35
20170507,15:30,19:35,20:35
20170507,15:35,19:40,20:40
20170507,15:40,19:45,20:45
20170507,15:45,19:50,20:50
20170507,15:50,19:55,20:55
20170507,15:55,20:00,21:00
20170507,16:00,20:05,21:05
20170507,16:05,20:10,21:10
20170507,16:10,20:15,21:15
20170507,16:15,20:20,21:20
20170507,16:20,20:25,21:25
20170507,16:25,20:30,21:30
20170507,16:55,20:55,21:55
20170507,17:00,20:55,21:55
20170507,17:05,20:55,21:55
20170507,17:10,21:00,22:00
20170507,17:15,21:05,22:00
20170507,17:20,21:10,22:00
20170507,17:25,21:15,22:00
20170507,17:30,21:20,22:00
20170507,17:35,21:30,22:00
20170507,17:40,21:30,22:00
20170507,17:45,21:35,22:00
20170507,17:50,21:40,22:00
20170507,17:55,21:40,22:00
20170506,08:05,08:40,09:40
20170506,08:10,08:45,09:45
20170506,08:15,08:55,09:55
20170506,08:20,09:05,10:05
20170506,08:25,09:10,10:10
20170506,08:30,09:20,10:20
20170506,08:35,09:30,10:30
20170506,08:40,09:30,10:30
20170506,08:45,09:35,10:35
20170506,08:50,09:35,10:35
20170506,08:55,09:40,10:40
20170506,09:00,09:45,10:45
20170506,09:05,09:50,10:50
20170506,09:10,09:55,10:55
20170506,09:15,09:55,10:55
20170506,09:20,10:00,11:00
20170506,09:25,10:05,11:05
20170506,09:30,10:05,11:05
20170506,09:35,10:10,11:10
20170506,09:40,10:15,11:15
20170506,09:45,10:20,11:20
20170506,09:50,10:25,11:25
20170506,09:55,10:30,11:30
20170506,10:00,10:35,11:35
20170506,10:05,10:40,11:40
20170506,10:10,10:45,11:45
20170506,10:15,10:55,11:55
20170506,10:20,10:55,11:55
20170506,10:25,11:00,12:00
20170506,10:30,11:10,12:10
20170506,10:35,11:15,12:15
20170506,10:40,11:25,12:25
20170506,10:45,11:30,12:30
20170506,10:50,11:40,12:40
20170506,10:55,11:45,12:45
20170506,11:00,11:55,12:55
20170506,11:05,12:05,13:05
20170506,11:10,12:10,13:10
20170506,11:15,12:15,13:15
20170506,11:20,12:20,13:20
20170506,11:25,12:25,13:25
20170506,11:30,12:30,13:30
20170506,11:35,12:40,13:40
20170506,11:40,12:50,13:50
20170506,11:45,12:55,13:55
20170506,11:50,13:05,14:05
20170506,11:55,13:10,14:10
20170506,12:00,13:20,14:20
20170506,12:05,13:30,14:30
20170506,12:10,13:35,14:35
20170506,12:15,13:45,14:45
20170506,12:20,13:50,14:50
20170506,12:25,14:00,15:00
20170506,12:30,14:10,15:10
20170506,12:35,14:20,15:20
20170506,12:40,14:30,15:30
20170506,12:45,14:45,15:45
20170506,12:50,15:00,16:00
20170506,12:55,15:10,16:10
20170506,13:00,15:20,16:20
20170506,13:05,15:35,16:35
20170506,13:10,15:45,16:45
20170506,13:15,15:55,16:55
20170506,13:20,16:05,17:05
20170506,13:25,16:20,17:20
20170506,13:30,16:30,17:30
20170506,13:35,16:45,17:45
20170506,13:40,16:50,17:50
20170506,13:45,17:00,18:00
20170506,13:50,17:15,18:15
20170506,13:55,17:30,18:30
20170506,14:00,17:40,18:40
20170506,14:05,17:55,18:55
20170506,14:10,18:05,19:05
20170506,14:15,18:15,19:15
20170506,14:20,18:30,19:30
20170506,14:25,18:35,19:35
20170506,14:30,18:55,19:55
20170506,14:35,19:00,20:00
20170506,14:40,19:15,20:15
20170506,14:45,19:25,20:25
20170506,14:50,19:35,20:35
20170506,14:55,19:45,20:45
20170506,15:00,19:55,20:55
20170506,15:05,20:05,21:05
20170506,15:10,20:15,21:15
20170506,15:15,20:35,21:35
20170506,15:20,20:45,21:45
20170506,15:25,21:00,22:00
20170506,15:30,21:05,22:00
20170506,15:35,21:20,22:00
20170506,15:40,21:25,22:00
20170506,15:45,21:30,22:00
20170506,15:50,21:40,22:00
20170513,08:05,11:30,12:30
20170513,08:10,11:30,12:30
20170513,08:15,11:30,12:30
20170513,08:20,11:30,12:30
20170513,08:25,11:30,12:30
20170513,08:30,11:30,12:30
20170513,08:35,11:30,12:30
20170513,08:40,11:30,12:30
20170513,08:45,11:30,12:30
20170513,08:50,11:30,12:30
20170513,08:55,11:30,12:30
20170513,09:00,11:30,12:30
20170526,09:05,09:40,10:40
20170526,09:10,09:45,10:45
20170526,09:15,09:50,10:50
20170526,09:20,09:55,10:55
20170526,09:25,10:00,11:00
20170526,09:30,10:05,11:05
20170526,09:35,10:10,11:10
20170526,09:40,10:15,11:15
20170520,08:05,11:30,12:30
20170520,08:10,11:30,12:30
20170520,08:15,11:30,12:30
20170520,08:20,11:30,12:30
20170520,08:25,11:35,12:35
20170520,08:30,11:35,12:35
20170520,08:35,11:35,12:35
20170520,08:40,11:35,12:35
20170520,08:45,11:35,12:35
20170520,08:50,11:40,12:40
20170520,08:55,11:40,12:40
20170520,09:00,11:40,12:40
20170520,09:05,11:40,12:40
20170520,09:10,11:45,12:45
20170520,09:15,11:45,12:45
20170520,09:20,11:45,12:45
20170520,09:25,11:50,12:50
20170520,09:30,11:50,12:50
20170520,09:35,11:55,12:55
20170520,09:40,11:55,12:55
20170520,09:45,11:55,12:55
20170520,09:50,11:55,12:55
20170520,09:55,12:00,13:00
20170520,10:00,12:00,13:00
20170520,10:05,12:00,13:00
20170520,10:10,12:05,13:05
20170520,10:15,12:05,13:05
20170520,10:20,12:05,13:05
20170520,10:25,12:10,13:10
20170520,10:30,12:10,13:10
20170520,10:35,12:10,13:10
20170520,10:40,12:15,13:15
20170520,10:45,12:15,13:15
20170520,10:50,12:20,13:20
20170520,10:55,12:20,13:20
20170520,11:00,12:25,13:25
20170520,11:05,12:30,13:30
20170520,11:10,12:30,13:30
20170520,11:15,12:35,13:35
20170520,11:20,12:35,13:35
20170520,11:25,12:35,13:35
20170520,11:30,12:40,13:40
20170520,11:35,12:45,13:45
20170520,11:40,12:50,13:50
20170520,11:45,12:55,13:55
20170520,11:50,13:00,14:00
20170520,11:55,13:10,14:10
20170520,12:00,13:15,14:15
20170520,12:05,13:25,14:25
20170520,12:10,13:30,14:30
20170520,12:15,13:40,14:40
20170520,12:20,13:50,14:50
20170520,12:25,13:55,14:55
20170520,12:30,14:05,15:05
20170520,12:35,14:20,15:20
20170520,12:40,14:25,15:25
20170520,12:45,14:45,15:45
20170520,12:50,15:00,16:00
20170520,12:55,15:15,16:15
20170520,13:00,15:20,16:20
20170520,13:05,15:35,16:35
20170520,13:10,15:45,16:45
20170520,13:15,15:55,16:55
20170520,13:20,16:05,17:05
20170520,13:25,16:15,17:15
20170520,13:30,16:25,17:25
20170520,13:35,16:40,17:40
20170520,13:40,16:50,17:50
20170520,13:45,17:10,18:10
20170520,13:50,17:15,18:15
20170520,13:55,17:40,18:40
20170520,14:00,17:50,18:50
20170520,14:05,18:05,19:00
20170520,14:10,18:15,19:00
20170520,14:15,18:25,19:00
20170520,14:20,18:30,19:00
20170520,14:25,18:40,19:00
20170520,14:30,18:45,19:45
20170520,14:35,18:50,19:50
20170520,14:40,19:00,20:00
20170520,14:45,19:10,20:10
20170520,14:50,19:20,20:20
20170520,14:55,19:25,19:49
20170520,15:00,19:35,20:09
20170520,15:05,19:45,20:29
20170520,15:10,19:55,20:49
20170520,15:15,20:15,21:15
20170520,15:20,20:25,21:25
20170520,15:25,20:35,21:35
20170520,15:30,20:40,21:40
20170520,15:35,20:50,21:50
20170520,15:40,21:00,22:00
20170520,15:45,21:10,22:00
20170520,15:50,21:20,22:00
20170520,15:55,21:30,22:00
20170520,16:00,21:30,22:00
20170520,16:05,21:35,22:00
20170520,16:10,21:40,22:00
